roc_auc,accuracy,precision,recall,f1
0.4189655172413793,0.547945205479452,0.7551020408163265,0.6379310344827587,0.6915887850467289
