roc_auc,accuracy,precision,recall,f1
0.4522988505747127,0.5616438356164384,0.7708333333333334,0.6379310344827587,0.6981132075471698
